{
  "login.username": {
    "required": true,
    "timeout": 5000,
    "healer": {
      "enabled": true,
      "timeout": 1200
    },
    "candidates": [
      "#amember-login",
      "input[name='amember_login']",
      "role=textbox[name=/username|email/i]"
    ]
  },
  "login.password": {
    "required": true,
    "timeout": 5000,
    "healer": {
      "enabled": true,
      "timeout": 1200
    },
    "candidates": [
      "#amember-pass",
      "input[name='amember_pass']",
      "role=textbox[name=/password/i]"
    ]
  },
  "login.submit": {
    "required": true,
    "timeout": 5000,
    "healer": {
      "enabled": true,
      "timeout": 1200
    },
    "candidates": [
      "#am-login-form input[type='submit']",
      "form#am-login-form >> input[value='Login']",
      "role=button[name=/login/i]"
    ]
  },
  "velocity.link": {
    "required": true,
    "timeout": 5000,
    "candidates": [
      "a.open-velocity.app-logins",
      "a.open-velocity",
      "text=Velocity"
    ]
  },
  "nav.add.toggle": {
    "required": true,
    "timeout": 6000,
    "healer": {
      "enabled": true,
      "timeout": 1200
    },
    "candidates": [
      "aside.left-side >> text=/^\\s*Add\\s*$/i",
      "role=button[name=/^\\s*Add\\s*$/i]",
      "role=menuitem[name=/^\\s*Add\\s*$/i]",
      "nav >> text=/^\\s*Add\\s*$/i",
      "text=/^\\s*Add\\s*$/i"
    ]
  },
  "nav.add.application": {
    "required": true,
    "timeout": 8000,
    "healer": {
      "enabled": true,
      "timeout": 1200
    },
    "candidates": [
      "aside.left-side >> text=/^\\s*Application\\s*$/i",
      "role=menuitem[name=/^\\s*Application\\s*$/i]",
      "nav >> text=/^\\s*Application\\s*$/i",
      "text=/^\\s*Application\\s*$/i"
    ]
  },
  "quick.firstName": {
    "required": true,
    "timeout": 6000,
    "candidates": [
      "#quick_firstname",
      "input#quick_firstname",
      "input[name='quick_firstname']",
      "role=textbox[name=/first name/i]"
    ]
  },
  "quick.lastName": {
    "required": true,
    "timeout": 6000,
    "candidates": [
      "#quick_lastname",
      "input#quick_lastname",
      "input[name='quick_lastname']",
      "role=textbox[name=/last name/i]"
    ]
  },
  "quick.casl.checkbox": {
    "required": true,
    "timeout": 6000,
    "candidates": [
      "#quick_casl",
      "input#quick_casl",
      "input[name='quick_casl']",
      "role=checkbox[name=/casl/i]"
    ]
  },
  "quick.closingDate": {
    "required": true,
    "timeout": 8000,
    "candidates": [
      "#quick_closing",
      "input#quick_closing",
      "role=textbox[name=/closing date/i]"
    ]
  },
  "quick.agent.select": {
    "required": true,
    "timeout": 8000,
    "candidates": [
      "#quick_broker",
      "select#quick_broker",
      "role=combobox[name=/agent/i]"
    ]
  },
  "quick.mortgageAmount": {
    "required": false,
    "timeout": 6000,
    "candidates": [
      "#quick_mortgage1",
      "input#quick_mortgage1",
      "input[name='quick_mortgage1']",
      "role=textbox[name=/mortgage amount/i]"
    ]
  },
  "quick.save.button": {
    "required": true,
    "timeout": 5000,
    "candidates": [
      "button.save-btn",
      "button:has-text('Save')"
    ]
  },
  "Borrowers.section": {
    "candidates": [
      "role=region[name=/borrowers/i]",
      "css=section[data-section='borrowers']",
      "xpath=//span[contains(@class,'grid-title') and normalize-space()='Borrowers']/ancestor::*[contains(@class,'grid-accordion')][1]"
    ],
    "required": false
  },
  "Borrowers.panel.open": {
    "required": false,
    "timeout": 8000,
    "candidates": [
      "xpath=//span[contains(@class,'grid-title') and normalize-space()='Borrowers']/ancestor::*[contains(@class,'grid-accordion')][1][contains(@class,'open')]",
      "css=.grid-accordion.open:has(.grid-title:has-text('Borrowers'))"
    ]
  },
  "Borrowers.addBorrower": {
    "required": true,
    "timeout": 8000,
    "candidates": [
      "role=button[name=/add borrower/i]",
      "css=button[ng-click='dealVM.addBorrower()']"
    ]
  },
  "Borrowers.header": {
    "candidates": [
      "xpath=//span[contains(@class,'grid-title') and normalize-space()='Borrowers']/ancestor::*[contains(@class,'grid-header')][1]"
    ],
    "required": true
  },
  "Borrowers.modal.root": {
    "candidates": [
      "css=.modal-content:has(.modal-title)",
      "xpath=//div[contains(@class,'modal-content')]//h4[contains(.,'New Contact')]/ancestor::div[contains(@class,'modal-content')]"
    ],
    "required": true
  },
  "Borrowers.modal.firstName": {
    "candidates": [
      "css=input[name='FirstName']"
    ],
    "required": true
  },
  "Borrowers.modal.lastName": {
    "candidates": [
      "css=input[name='LastName']"
    ],
    "required": true
  },
  "Borrowers.modal.dob": {
    "candidates": [
      "css=input[name='DateOfBirth']"
    ],
    "required": false
  },
  "Borrowers.modal.email": {
    "candidates": [
      "css=input[name='Email']"
    ],
    "required": false
  },
  "Borrowers.modal.casl": {
    "candidates": [
      "css=input[name='CASLOptIn']"
    ],
    "required": false
  },
  "Borrowers.modal.home.area": {
    "candidates": [
      "#newContact-home-area"
    ],
    "required": false
  },
  "Borrowers.modal.home.top": {
    "candidates": [
      "#newContact-home-top"
    ],
    "required": false
  },
  "Borrowers.modal.home.bottom": {
    "candidates": [
      "#newContact-home-bottom"
    ],
    "required": false
  },
  "Borrowers.modal.cell.area": {
    "candidates": [
      "#newContact-cell-area"
    ],
    "required": false
  },
  "Borrowers.modal.cell.top": {
    "candidates": [
      "#newContact-cell-top"
    ],
    "required": false
  },
  "Borrowers.modal.cell.bottom": {
    "candidates": [
      "#newContact-cell-bottom"
    ],
    "required": false
  },
  "Borrowers.modal.contactPref": {
    "candidates": [
      "css=select[name='ContactPreference']"
    ],
    "required": false
  },
  "Borrowers.modal.ok": {
    "candidates": [
      "role=button[name=/^ok$/i]",
      "css=.modal-footer .btn.btn-default"
    ],
    "required": true
  }
}